Title;Date;Tipo de video
Agatha Christie: Las Siete Esferas: A Bundle con amor;15-abr-26;Película
Emergencia radiactiva: Tienen que confiar en alguien;15-abr-26;Serie
Emergencia radiactiva: Siempre tenemos una opción;15-abr-26;Serie
Emergencia radiactiva: ¿Estamos bebiendo agua contaminada?;11-abr-26;Serie
Emergencia radiactiva: ¿Cuándo podremos volver a casa?;11-abr-26;Serie
Emergencia radiactiva: Un desastre como Brasil nunca ha visto;10-abr-26;Serie
Peaky Blinders: El hombre inmortal;21-mar-26;Película
Los dinosaurios: La conquista;11-mar-26;Película
Peaky Blinders: Temporada 1: Episodio 2;11-mar-26;Serie
La vida en nuestro planeta: Capítulo 2: La primera frontera;10-mar-26;Serie
Los dinosaurios: El ascenso;9-mar-26;Película
Cortafuego;8-mar-26;Película
En fuga: Miniserie: Por siempre la verdad brillante;20-ene-26;Serie
En fuga: Miniserie: Otra época;19-ene-26;Serie
En fuga: Miniserie: La última gota;19-ene-26;Serie
En fuga: Miniserie: Tatuajes mientras esperas;18-ene-26;Serie
En fuga: Miniserie: Ver para creer;18-ene-26;Serie
Stranger Things: Stranger Things 5: Capítulo ocho: Este Lado;1-ene-26;Serie
Stranger Things: Stranger Things 5: Capítulo siete: El puente;29-dic-25;Serie
Stranger Things: Stranger Things 5: Capítulo seis: La huida de Camazotz;29-dic-25;Serie
Stranger Things: Stranger Things 5: Capítulo cinco: Electrochoque;28-dic-25;Serie
Stranger Things: Stranger Things 5: Capítulo cuatro: Hechicero;7-dic-25;Serie
Stranger Things: Stranger Things 5: Capítulo tres: La trampa de Turnbow;2-dic-25;Serie
Stranger Things: Stranger Things 5: Capítulo Dos: La Desaparición de Holly Wheeler;1-dic-25;Serie
Stranger Things: Stranger Things 5: Capítulo uno: La misión;1-dic-25;Serie
En el barro: Temporada 1: Episodio 3;17-ago-25;Serie
En el barro: Temporada 1: Episodio 1;17-ago-25;Serie
Black Mirror: Temporada 7: Una pareja cualquiera;17-abr-25;Serie
Adolescencia: Miniserie: Episodio 4;17-abr-25;Serie
Adolescencia: Miniserie: Episodio 3;16-abr-25;Serie
Adolescencia: Miniserie: Episodio 1;7-abr-25;Serie
Adolescencia: Miniserie: Episodio 2;5-abr-25;Serie
Cobra Kai: Temporada 6: As recuperado;7-mar-25;Serie
Cobra Kai: Temporada 6: Golpear último;24-feb-25;Serie
Cobra Kai: Temporada 6: Fantasmas;22-feb-25;Serie
Cobra Kai: Temporada 6: Fuera de sí;22-feb-25;Serie
Cobra Kai: Temporada 6: Prueba de fuego;15-feb-25;Serie
El juego del calamar: Temporada 2: 001;19-ene-25;Serie
El juego del calamar: Temporada 2: Fiesta de Halloween;19-ene-25;Serie
El Slam de Netflix;19-ene-25;Película
Supercool;18-ene-25;Película
El juego del calamar: Temporada 2: Sustento y azar;13-ene-25;Serie
Cobra Kai: Temporada 1: As degenerado;5-ene-25;Serie
Cobra Kai: Temporada 6: Eunjangdo;5-ene-25;Serie
Cobra Kai: Temporada 6: Sangre por sangre;1-ene-25;Serie
Cobra Kai: Temporada 6: Sospechas en el aire;1-ene-25;Serie
Cobra Kai: Temporada 6: Pelear a cara de perro;1-ene-25;Serie
Cobra Kai: Temporada 6: Benvinguts a Barcelona;30-dic-24;Serie
Cobra Kai: Temporada 6: Lo mejor de lo mejor;29-dic-24;Serie
Cobra Kai: Temporada 6: Subestimados;29-dic-24;Serie
Cobra Kai: Temporada 6: Pijamada;28-dic-24;Serie
Cobra Kai: Temporada 6: El premio;28-dic-24;Serie
Equipaje de mano;28-dic-24;Película
Cobra Kai: Temporada 6: Tiempos de paz;28-dic-24;Serie
Luz negra;23-dic-24;Película
La Palma: Miniserie: Punto seguro;20-dic-24;Serie
La Palma: Miniserie: A Tenerife;20-dic-24;Serie
La Palma: Miniserie: Despegue;19-dic-24;Serie
La Palma: Miniserie: El pastorcito mentiroso;19-dic-24;Serie
No respires 2;11-ago-24;Película
Asesinato para principiantes: Temporada 1: Episodio 6;8-ago-24;Serie
Asesinato para principiantes: Temporada 1: Episodio 5;8-ago-24;Serie
Asesinato para principiantes: Temporada 1: Episodio 4;6-ago-24;Serie
Asesinato para principiantes: Temporada 1: Episodio 3;6-ago-24;Serie
Asesinato para principiantes: Temporada 1: Episodio 2;5-ago-24;Serie
Asesinato para principiantes: Temporada 1: Episodio 1;5-ago-24;Serie
Una esposa de mentira;2-ago-24;Película
Sin Hijos;28-jul-24;Película
Mamá se fue de viaje;22-jul-24;Película
Footloose;13-jul-24;Película
Un detective suelto en Hollywood: Axel F.;8-jul-24;Película
Eric: Miniserie: Episodio 1;7-jun-24;Serie
Bebé reno: Miniserie: Episodio 7;15-may-24;Serie
Bebé reno: Miniserie: Episodio 6;15-may-24;Serie
Bebé reno: Miniserie: Episodio 5;14-may-24;Serie
Bebé reno: Miniserie: Episodio 4;14-may-24;Serie
Bebé reno: Miniserie: Episodio 3;13-may-24;Serie
Bebé reno: Miniserie: Episodio 2;12-may-24;Serie
Todo un hombre: Miniserie: El día del juicio;12-may-24;Serie
Nadie;12-may-24;Película
Todo un hombre: Miniserie: La hora de la verdad;10-may-24;Serie
Todo un hombre: Miniserie: Tic, tac;10-may-24;Serie
Bebé reno: Miniserie: Episodio 1;10-may-24;Serie
Cuatro días más;10-may-24;Película
Todo un hombre: Miniserie: La ruina;6-may-24;Serie
Todo un hombre: Miniserie: Una derrota aplastante;6-may-24;Serie
Todo un hombre: Miniserie: Alforjas;6-may-24;Serie
Descansar en paz;4-may-24;Película
Hotel Mumbai: El atentado;4-may-24;Película
Nimona;14-mar-24;Película
Damsel;12-mar-24;Película
Venganza implacable;11-mar-24;Película
Alejandro Magno: La creación de un dios: El joven rey;11-mar-24;Película
ARA San Juan: El submarino que desapareció: Miniserie: El silencio;8-mar-24;Serie
Fractura;1-mar-24;Película
Avatar: La leyenda de Aang: Avatar: la leyenda de Aang: Libro 3: Sozin's Comet: Parte 4: Avatar Aang;1-mar-24;Serie
Avatar: La leyenda de Aang: Avatar: la leyenda de Aang: Libro 3: Sozin's Comet: Parte 3: Into the Inferno;28-feb-24;Serie
Avatar: La leyenda de Aang: Avatar: la leyenda de Aang: Libro 3: Los maestros del Fuego control;28-feb-24;Serie
Avatar: La leyenda de Aang: Avatar: la leyenda de Aang: Libro 2: La encrucijada del destino;28-feb-24;Serie
Avatar: La leyenda de Aang: Temporada 1: Leyendas;28-feb-24;Serie
Avatar: La leyenda de Aang: Temporada 1: El norte;27-feb-24;Serie
Avatar: La leyenda de Aang: Temporada 1: Máscaras;27-feb-24;Serie
Avatar: La leyenda de Aang: Temporada 1: El viaje al Mundo de los Espíritus;27-feb-24;Serie
Avatar: La leyenda de Aang: Temporada 1: En la oscuridad;26-feb-24;Serie
Avatar: La leyenda de Aang: Temporada 1: Omashu;24-feb-24;Serie
Lo que ignoramos;24-feb-24;Película
Avatar: La leyenda de Aang: Temporada 1: Guerreros;23-feb-24;Serie
Avatar: La leyenda de Aang: Temporada 1: Aang;23-feb-24;Serie
El abismo de Kiruna;22-feb-24;Película
Einstein y la bomba;17-feb-24;Película
El turista: Temporada 1: Episodio 1;12-feb-24;Serie
Medicina letal: Miniserie: El inicio de la epidemia;12-feb-24;Serie
Casados con hijos: Temporada 1: Hogar Dulce Hogar;30-ene-24;Serie
Pesadilla de un secuestro en California: Tercera parte: Los otros;24-ene-24;Serie
Pesadilla de un secuestro en California: Segunda parte: Perdida;23-ene-24;Serie
Pesadilla de un secuestro en California: Primera parte: El novio;23-ene-24;Serie
Break Point: Temporada 2: Ser número 1;16-ene-24;Serie
Break Point: Temporada 2: Ahora o nunca;16-ene-24;Serie
Break Point: Temporada 2: Un asunto pendiente;16-ene-24;Serie
Break Point: Temporada 2: Amigos y adversarios;16-ene-24;Serie
Break Point: Temporada 2: El futuro es tuyo;16-ene-24;Serie
Break Point: Temporada 2: La maldición;16-ene-24;Serie
Ghislaine Maxwell: Asquerosamente rica;8-ene-24;Película
Jeffrey Epstein: Asquerosamente rico: Miniserie: Voces escuchadas;8-ene-24;Serie
Jeffrey Epstein: Asquerosamente rico: Miniserie: La isla;8-ene-24;Serie
Jeffrey Epstein: Asquerosamente rico: Miniserie: Sigue la pista del dinero;7-ene-24;Serie
Jeffrey Epstein: Asquerosamente rico: Miniserie: Zonas de caza;7-ene-24;Serie
Engaños: Miniserie: Episodio 1;7-ene-24;Serie
La sociedad de la nieve;6-ene-24;Película
The Walking Dead: Temporada 10: Los límites que cruzamos;31-dic-23;Serie
The Walking Dead: Temporada 9: La tormenta;31-dic-23;Serie
The Walking Dead: Temporada 10: Nosotros somos el fin del mundo;31-dic-23;Serie
The Walking Dead: Temporada 9: La calma previa;31-dic-23;Serie
The Walking Dead: Temporada 9: Cicatrices;31-dic-23;Serie
The Walking Dead: Temporada 9: Paso estrecho;31-dic-23;Serie
The Walking Dead: Temporada 9: Guardianes;30-dic-23;Serie
Resident Evil: Bienvenidos a Nueva Raccoon City;30-dic-23;Película
The Walking Dead: Temporada 9: Recompensa;30-dic-23;Serie
The Walking Dead: Temporada 9: Omega;30-dic-23;Serie
The Walking Dead: Temporada 9: Adaptación;30-dic-23;Serie
The Walking Dead: Temporada 9: Evolución;30-dic-23;Serie
The Walking Dead: Temporada 9: Stradivarius;30-dic-23;Serie
The Walking Dead: Temporada 9: ¿Quiénes somos ahora?;30-dic-23;Serie
The Walking Dead: Temporada 9: ¿Qué viene después?;30-dic-23;Serie
The Walking Dead: Temporada 9: El obligado;29-dic-23;Serie
The Walking Dead: Temporada 9: Señales de alerta;29-dic-23;Serie
The Walking Dead: Temporada 9: El puente;29-dic-23;Serie
The Walking Dead: Temporada 9: Un nuevo comienzo;29-dic-23;Serie
The Walking Dead: Temporada 3: El rey suicida;29-dic-23;Serie
The Walking Dead: Temporada 3: Creados para sufrir;28-dic-23;Serie
The Walking Dead: Temporada 3: Cuando los muertos vienen tocando;28-dic-23;Serie
The Walking Dead: Temporada 3: Perseguido;28-dic-23;Serie
The Walking Dead: Temporada 3: Da la orden;28-dic-23;Serie
The Walking Dead: Temporada 3: Asesino interior;28-dic-23;Serie
The Walking Dead: Temporada 3: Camina conmigo;28-dic-23;Serie
The Walking Dead: Temporada 3: Enfermo;27-dic-23;Serie
The Walking Dead: Temporada 3: Semilla;27-dic-23;Serie
The Walking Dead: Temporada 2: Junto al fuego que se extingue;27-dic-23;Serie
The Walking Dead: Temporada 2: Los mejores ángeles;27-dic-23;Serie
The Walking Dead: Temporada 2: Juez, jurado y verdugo;27-dic-23;Serie
The Walking Dead: Temporada 2: A 30 kilómetros;27-dic-23;Serie
The Walking Dead: Temporada 2: Dedo en gatillo;27-dic-23;Serie
The Walking Dead: Temporada 2: Nebraska;27-dic-23;Serie
The Walking Dead: Temporada 2: Prácticamente muertos;27-dic-23;Serie
The Walking Dead: Temporada 2: Secretos;26-dic-23;Serie
The Walking Dead: Temporada 2: El chupacabras;26-dic-23;Serie
The Walking Dead: Temporada 2: La rosa cheroqui;26-dic-23;Serie
The Walking Dead: Temporada 2: Guarda la última;26-dic-23;Serie
The Walking Dead: Temporada 2: Sangría;26-dic-23;Serie
The Walking Dead: Temporada 2: Lo que nos espera;26-dic-23;Serie
The Walking Dead: Temporada 1: TS-19;26-dic-23;Serie
The Walking Dead: Temporada 1: Código Wildfire;26-dic-23;Serie
The Walking Dead: Temporada 1: Muchachos;26-dic-23;Serie
The Walking Dead: Temporada 1: Díselo a las ranas;26-dic-23;Serie
The Walking Dead: Temporada 1: Agallas;25-dic-23;Serie
The Walking Dead: Temporada 1: Los viejos tiempos;25-dic-23;Serie
Año uno;25-dic-23;Película
Los trabajadores del ferrocarril: La historia no contada de Bhopal 1984: Miniserie: Episodio 4;17-dic-23;Serie
Los trabajadores del ferrocarril: La historia no contada de Bhopal 1984: Miniserie: Episodio 3;17-dic-23;Serie
Legion: Legion: Season 1_hook_primary_16x9;17-dic-23;Serie
Los trabajadores del ferrocarril: La historia no contada de Bhopal 1984: Miniserie: Episodio 2;17-dic-23;Serie
Los trabajadores del ferrocarril: La historia no contada de Bhopal 1984: Miniserie: Episodio 1;16-dic-23;Serie
The Walking Dead: Temporada 8: Ira;16-dic-23;Serie
The Walking Dead: Temporada 7: Llegará el día en el que no lo estés;16-dic-23;Serie
The Walking Dead: Temporada 6: Último día en la Tierra;16-dic-23;Serie
BoJack Horseman: Temporada 3: Como pez fuera del agua;18-nov-23;Serie
Cómo se convirtieron en capos de la mafia: Con el empleo soñado;18-nov-23;Película
Peaky Blinders: Temporada 1: Episodio 1;5-nov-23;Serie
